<?xml version="1.0" encoding="UTF-8"?>
<beans xmlns="http://www.springframework.org/schema/beans"
       xmlns:context="http://www.springframework.org/schema/context"
       xmlns:aop="http://www.springframework.org/schema/aop"
       xmlns:jdbc="http://www.springframework.org/schema/jdbc"
       xmlns:tx="http://www.springframework.org/schema/tx"

       xmlns:xsi="http://www.w3.org/2001/XMLSchema-instance"
       xsi:schemaLocation="
       http://www.springframework.org/schema/beans
       http://www.springframework.org/schema/beans/spring-beans.xsd
       http://www.springframework.org/schema/context
       http://www.springframework.org/schema/context/spring-context.xsd
       http://www.springframework.org/schema/aop
       http://www.springframework.org/schema/aop/spring-aop.xsd
       http://www.springframework.org/schema/jdbc
       http://www.springframework.org/schema/jdbc/spring-jdbc.xsd
       http://www.springframework.org/schema/tx
       http://www.springframework.org/schema/tx/spring-tx.xsd
">

    <context:component-scan base-package="com.niit"/>

    <bean id="datasource1" class="org.springframework.jdbc.datasource.DriverManagerDataSource">
        <property name="url" value="jdbc:mysql://localhost:3306/niit_text"/>
        <property name="username" value="root"/>
        <property name="password" value="123456"/>
        <property name="driverClassName" value="com.mysql.jdbc.Driver"/>
    </bean>
<!--    <bean id="datasource2" class="com.alibaba.druid.pool.DruidDataSource">-->
<!--        <property name="url" value="jdbc:mysql://localhost:3306/niit_text"/>-->
<!--        <property name="username" value="root"/>-->
<!--        <property name="password" value="123456"/>-->
<!--        <property name="driverClassName" value="com.mysql.jdbc.Driver"/>-->
<!--    </bean>-->
    <bean id="jdbcTemplate" class="org.springframework.jdbc.core.JdbcTemplate">
        <property name="dataSource" ref="datasource1"/>
    </bean>
#    配置四：配置事务管理器
    <bean id="transactionManager" class="org.springframework.jdbc.datasource.DataSourceTransactionManager">
        <property name="dataSource" ref="datasource1"></property>
    </bean>
#    配置五：配置事务通知
    <tx:advice id="txadvice">
        <tx:attributes>
            <tx:method name="accountMoney"/>
        </tx:attributes>
    </tx:advice>
#    配置六：配置aop事务
    <aop:config>
        <aop:pointcut id="cut" expression="execution(* com.niit.service..*.*(..))"/>
        <aop:advisor advice-ref="txadvice" pointcut-ref="cut"></aop:advisor>
    </aop:config>
#    配置七：开启事务注解驱动
    <tx:annotation-driven proxy-target-class="true" transaction-manager="transactionManager"></tx:annotation-driven>





</beans>